John;John123@mail.com;23;Almaty
Alex;Alex123@mail.com;16;Moscow
Anna;Anna124@mail.com;19;Paris
Tanya;Tanya@mail.com;15;Almaty
Max;Max1234@mail.com;22;Desert
Aisha;Aisha@mail.com;17;Almaty
Armando;Armando@mail.com;18;Paris
Demis;Demis@mail.com;20;Kipr
Eva;Evaqwer@mail.com;21;Paradise
Alen;AlenDelone@mail.com;23;Marcel
